time,vehicle_id,vehicle_type,status,current_node_id,current_coords,energy_level,cargo_capacity,cargo_size,cargo_manifest
0.0,10000-100,Truck,Idle,0.0,"(82.0, 76.0)",100.0,100,0.0,[]
0.0,10000-100,Truck,Halted,0.0,"(82.0, 76.0)",100.0,100,0.0,[]
0.0,10000-100,Truck,Halted,0.0,"(82.0, 76.0)",100.0,100,24.0,"['1018-(0, 19)-24.0']"
0.0,10000-100,Truck,Halted,0.0,"(82.0, 76.0)",100.0,100,43.0,"['1018-(0, 19)-24.0', '1016-(0, 17)-19.0']"
0.0,10000-100,Truck,Halted,0.0,"(82.0, 76.0)",100.0,100,50.0,"['1018-(0, 19)-24.0', '1016-(0, 17)-19.0', '1004_1-(0, 33)-7.0']"
0.0,10000-100,Truck,Halted,0.0,"(82.0, 76.0)",100.0,100,71.0,"['1018-(0, 19)-24.0', '1016-(0, 17)-19.0', '1004_1-(0, 33)-7.0', '1011-(0, 12)-21.0']"
0.0,10000-100,Truck,Halted,0.0,"(82.0, 76.0)",100.0,100,79.0,"['1018-(0, 19)-24.0', '1016-(0, 17)-19.0', '1004_1-(0, 33)-7.0', '1011-(0, 12)-21.0', '1009-(0, 10)-8.0']"
0.0,10000-100,Truck,Halted,0.0,"(82.0, 76.0)",100.0,100,93.0,"['1018-(0, 19)-24.0', '1016-(0, 17)-19.0', '1004_1-(0, 33)-7.0', '1011-(0, 12)-21.0', '1009-(0, 10)-8.0', '1010-(0, 11)-14.0']"
0.0,10000-100,Truck,En Route,,"(82.0, 76.0)",100.0,100,93.0,"['1018-(0, 19)-24.0', '1016-(0, 17)-19.0', '1004_1-(0, 33)-7.0', '1011-(0, 12)-21.0', '1009-(0, 10)-8.0', '1010-(0, 11)-14.0']"
74.0,10000-100,Truck,En Route,19.0,"(93.0, 3.0)",92.61758846988371,100,93.0,"['1018-(0, 19)-24.0', '1016-(0, 17)-19.0', '1004_1-(0, 33)-7.0', '1011-(0, 12)-21.0', '1009-(0, 10)-8.0', '1010-(0, 11)-14.0']"
74.0,10000-100,Truck,En Route,19.0,"(93.0, 3.0)",92.61758846988371,100,93.0,"['1018-(0, 19)-24.0', '1016-(0, 17)-19.0', '1004_1-(0, 33)-7.0', '1011-(0, 12)-21.0', '1009-(0, 10)-8.0', '1010-(0, 11)-14.0']"
74.0,10000-100,Truck,Halted,19.0,"(93.0, 3.0)",92.61758846988371,100,93.0,"['1018-(0, 19)-24.0', '1016-(0, 17)-19.0', '1004_1-(0, 33)-7.0', '1011-(0, 12)-21.0', '1009-(0, 10)-8.0', '1010-(0, 11)-14.0']"
74.0,10000-100,Truck,Halted,19.0,"(93.0, 3.0)",92.61758846988371,100,69.0,"['1016-(0, 17)-19.0', '1004_1-(0, 33)-7.0', '1011-(0, 12)-21.0', '1009-(0, 10)-8.0', '1010-(0, 11)-14.0']"
74.0,10000-100,Truck,En Route,,"(93.0, 3.0)",92.61758846988371,100,69.0,"['1016-(0, 17)-19.0', '1004_1-(0, 33)-7.0', '1011-(0, 12)-21.0', '1009-(0, 10)-8.0', '1010-(0, 11)-14.0']"
124.0,10000-100,Truck,En Route,12.0,"(98.0, 52.0)",87.6921443274741,100,69.0,"['1016-(0, 17)-19.0', '1004_1-(0, 33)-7.0', '1011-(0, 12)-21.0', '1009-(0, 10)-8.0', '1010-(0, 11)-14.0']"
124.0,10000-100,Truck,En Route,12.0,"(98.0, 52.0)",87.6921443274741,100,69.0,"['1016-(0, 17)-19.0', '1004_1-(0, 33)-7.0', '1011-(0, 12)-21.0', '1009-(0, 10)-8.0', '1010-(0, 11)-14.0']"
124.0,10000-100,Truck,Halted,12.0,"(98.0, 52.0)",87.6921443274741,100,69.0,"['1016-(0, 17)-19.0', '1004_1-(0, 33)-7.0', '1011-(0, 12)-21.0', '1009-(0, 10)-8.0', '1010-(0, 11)-14.0']"
124.0,10000-100,Truck,Halted,12.0,"(98.0, 52.0)",87.6921443274741,100,48.0,"['1016-(0, 17)-19.0', '1004_1-(0, 33)-7.0', '1009-(0, 10)-8.0', '1010-(0, 11)-14.0']"
124.0,10000-100,Truck,En Route,,"(98.0, 52.0)",87.6921443274741,100,48.0,"['1016-(0, 17)-19.0', '1004_1-(0, 33)-7.0', '1009-(0, 10)-8.0', '1010-(0, 11)-14.0']"
175.0,10000-100,Truck,En Route,17.0,"(91.0, 2.0)",82.64338210292864,100,48.0,"['1016-(0, 17)-19.0', '1004_1-(0, 33)-7.0', '1009-(0, 10)-8.0', '1010-(0, 11)-14.0']"
175.0,10000-100,Truck,En Route,17.0,"(91.0, 2.0)",82.64338210292864,100,48.0,"['1016-(0, 17)-19.0', '1004_1-(0, 33)-7.0', '1009-(0, 10)-8.0', '1010-(0, 11)-14.0']"
175.0,10000-100,Truck,Halted,17.0,"(91.0, 2.0)",82.64338210292864,100,48.0,"['1016-(0, 17)-19.0', '1004_1-(0, 33)-7.0', '1009-(0, 10)-8.0', '1010-(0, 11)-14.0']"
175.0,10000-100,Truck,Halted,17.0,"(91.0, 2.0)",82.64338210292864,100,29.0,"['1004_1-(0, 33)-7.0', '1009-(0, 10)-8.0', '1010-(0, 11)-14.0']"
175.0,10000-100,Truck,En Route,,"(91.0, 2.0)",82.64338210292864,100,29.0,"['1004_1-(0, 33)-7.0', '1009-(0, 10)-8.0', '1010-(0, 11)-14.0']"
262.0,10000-100,Truck,En Route,11.0,"(5.0, 10.0)",74.00625295025345,100,29.0,"['1004_1-(0, 33)-7.0', '1009-(0, 10)-8.0', '1010-(0, 11)-14.0']"
262.0,10000-100,Truck,En Route,11.0,"(5.0, 10.0)",74.00625295025345,100,29.0,"['1004_1-(0, 33)-7.0', '1009-(0, 10)-8.0', '1010-(0, 11)-14.0']"
262.0,10000-100,Truck,Halted,11.0,"(5.0, 10.0)",74.00625295025345,100,29.0,"['1004_1-(0, 33)-7.0', '1009-(0, 10)-8.0', '1010-(0, 11)-14.0']"
262.0,10000-100,Truck,Halted,11.0,"(5.0, 10.0)",74.00625295025345,100,15.0,"['1004_1-(0, 33)-7.0', '1009-(0, 10)-8.0']"
262.0,10000-100,Truck,En Route,,"(5.0, 10.0)",74.00625295025345,100,15.0,"['1004_1-(0, 33)-7.0', '1009-(0, 10)-8.0']"
305.0,10000-100,Truck,En Route,33.0,"(47.0, 7.33)",69.797774721725,100,15.0,"['1004_1-(0, 33)-7.0', '1009-(0, 10)-8.0']"
305.0,10000-100,Truck,En Route,33.0,"(47.0, 7.33)",69.797774721725,100,15.0,"['1004_1-(0, 33)-7.0', '1009-(0, 10)-8.0']"
305.0,10000-100,Truck,Halted,33.0,"(47.0, 7.33)",69.797774721725,100,15.0,"['1004_1-(0, 33)-7.0', '1009-(0, 10)-8.0']"
305.0,10000-100,Truck,Halted,33.0,"(47.0, 7.33)",69.797774721725,100,8.0,"['1009-(0, 10)-8.0']"
305.0,10000-100,Truck,En Route,,"(47.0, 7.33)",69.797774721725,100,8.0,"['1009-(0, 10)-8.0']"
392.0,10000-100,Truck,En Route,10.0,"(3.0, 82.0)",61.13082087391924,100,8.0,"['1009-(0, 10)-8.0']"
392.0,10000-100,Truck,En Route,10.0,"(3.0, 82.0)",61.13082087391924,100,8.0,"['1009-(0, 10)-8.0']"
392.0,10000-100,Truck,Halted,10.0,"(3.0, 82.0)",61.13082087391924,100,8.0,"['1009-(0, 10)-8.0']"
392.0,10000-100,Truck,Halted,10.0,"(3.0, 82.0)",61.13082087391924,100,0.0,[]
392.0,10000-100,Truck,Idle,10.0,"(3.0, 82.0)",61.13082087391924,100,0.0,[]
477.0,10000-100,Truck,Returned,0.0,"(82.0, 76.0)",61.13082087391924,100,0.0,[]
0.0,10001-100,Truck,Idle,0.0,"(82.0, 76.0)",100.0,100,0.0,[]
0.0,10001-100,Truck,Halted,0.0,"(82.0, 76.0)",100.0,100,0.0,[]
0.0,10001-100,Truck,Halted,0.0,"(82.0, 76.0)",100.0,100,24.0,"['1024-(0, 25)-24.0']"
0.0,10001-100,Truck,Halted,0.0,"(82.0, 76.0)",100.0,100,44.0,"['1024-(0, 25)-24.0', '1026-(0, 27)-20.0']"
0.0,10001-100,Truck,Halted,0.0,"(82.0, 76.0)",100.0,100,62.0,"['1024-(0, 25)-24.0', '1026-(0, 27)-20.0', '1015-(0, 16)-18.0']"
0.0,10001-100,Truck,Halted,0.0,"(82.0, 76.0)",100.0,100,74.0,"['1024-(0, 25)-24.0', '1026-(0, 27)-20.0', '1015-(0, 16)-18.0', '1005-(0, 6)-12.0']"
0.0,10001-100,Truck,Halted,0.0,"(82.0, 76.0)",100.0,100,93.0,"['1024-(0, 25)-24.0', '1026-(0, 27)-20.0', '1015-(0, 16)-18.0', '1005-(0, 6)-12.0', '1003_1-(0, 36)-19.0']"
0.0,10001-100,Truck,En Route,,"(82.0, 76.0)",100.0,100,93.0,"['1024-(0, 25)-24.0', '1026-(0, 27)-20.0', '1015-(0, 16)-18.0', '1005-(0, 6)-12.0', '1003_1-(0, 36)-19.0']"
76.0,10001-100,Truck,En Route,25.0,"(9.0, 97.0)",92.40394839406724,100,93.0,"['1024-(0, 25)-24.0', '1026-(0, 27)-20.0', '1015-(0, 16)-18.0', '1005-(0, 6)-12.0', '1003_1-(0, 36)-19.0']"
76.0,10001-100,Truck,En Route,25.0,"(9.0, 97.0)",92.40394839406724,100,93.0,"['1024-(0, 25)-24.0', '1026-(0, 27)-20.0', '1015-(0, 16)-18.0', '1005-(0, 6)-12.0', '1003_1-(0, 36)-19.0']"
76.0,10001-100,Truck,Halted,25.0,"(9.0, 97.0)",92.40394839406724,100,93.0,"['1024-(0, 25)-24.0', '1026-(0, 27)-20.0', '1015-(0, 16)-18.0', '1005-(0, 6)-12.0', '1003_1-(0, 36)-19.0']"
76.0,10001-100,Truck,Halted,25.0,"(9.0, 97.0)",92.40394839406724,100,69.0,"['1026-(0, 27)-20.0', '1015-(0, 16)-18.0', '1005-(0, 6)-12.0', '1003_1-(0, 36)-19.0']"
76.0,10001-100,Truck,En Route,,"(9.0, 97.0)",92.40394839406724,100,69.0,"['1026-(0, 27)-20.0', '1015-(0, 16)-18.0', '1005-(0, 6)-12.0', '1003_1-(0, 36)-19.0']"
160.0,10001-100,Truck,En Route,6.0,"(58.0, 30.0)",84.10334600628886,100,69.0,"['1026-(0, 27)-20.0', '1015-(0, 16)-18.0', '1005-(0, 6)-12.0', '1003_1-(0, 36)-19.0']"
160.0,10001-100,Truck,En Route,6.0,"(58.0, 30.0)",84.10334600628886,100,69.0,"['1026-(0, 27)-20.0', '1015-(0, 16)-18.0', '1005-(0, 6)-12.0', '1003_1-(0, 36)-19.0']"
160.0,10001-100,Truck,Halted,6.0,"(58.0, 30.0)",84.10334600628886,100,69.0,"['1026-(0, 27)-20.0', '1015-(0, 16)-18.0', '1005-(0, 6)-12.0', '1003_1-(0, 36)-19.0']"
160.0,10001-100,Truck,Halted,6.0,"(58.0, 30.0)",84.10334600628886,100,57.0,"['1026-(0, 27)-20.0', '1015-(0, 16)-18.0', '1003_1-(0, 36)-19.0']"
160.0,10001-100,Truck,En Route,,"(58.0, 30.0)",84.10334600628886,100,57.0,"['1026-(0, 27)-20.0', '1015-(0, 16)-18.0', '1003_1-(0, 36)-19.0']"
200.0,10001-100,Truck,En Route,27.0,"(57.0, 69.0)",80.20206416566285,100,57.0,"['1026-(0, 27)-20.0', '1015-(0, 16)-18.0', '1003_1-(0, 36)-19.0']"
200.0,10001-100,Truck,En Route,27.0,"(57.0, 69.0)",80.20206416566285,100,57.0,"['1026-(0, 27)-20.0', '1015-(0, 16)-18.0', '1003_1-(0, 36)-19.0']"
200.0,10001-100,Truck,Halted,27.0,"(57.0, 69.0)",80.20206416566285,100,57.0,"['1026-(0, 27)-20.0', '1015-(0, 16)-18.0', '1003_1-(0, 36)-19.0']"
200.0,10001-100,Truck,Halted,27.0,"(57.0, 69.0)",80.20206416566285,100,37.0,"['1015-(0, 16)-18.0', '1003_1-(0, 36)-19.0']"
200.0,10001-100,Truck,En Route,,"(57.0, 69.0)",80.20206416566285,100,37.0,"['1015-(0, 16)-18.0', '1003_1-(0, 36)-19.0']"
274.0,10001-100,Truck,En Route,36.0,"(95.0, 6.0)",72.8447548748967,100,37.0,"['1015-(0, 16)-18.0', '1003_1-(0, 36)-19.0']"
274.0,10001-100,Truck,En Route,36.0,"(95.0, 6.0)",72.8447548748967,100,37.0,"['1015-(0, 16)-18.0', '1003_1-(0, 36)-19.0']"
274.0,10001-100,Truck,Halted,36.0,"(95.0, 6.0)",72.8447548748967,100,37.0,"['1015-(0, 16)-18.0', '1003_1-(0, 36)-19.0']"
274.0,10001-100,Truck,Halted,36.0,"(95.0, 6.0)",72.8447548748967,100,18.0,"['1015-(0, 16)-18.0']"
274.0,10001-100,Truck,En Route,,"(95.0, 6.0)",72.8447548748967,100,18.0,"['1015-(0, 16)-18.0']"
320.0,10001-100,Truck,En Route,16.0,"(88.0, 51.0)",68.29063586020267,100,18.0,"['1015-(0, 16)-18.0']"
320.0,10001-100,Truck,En Route,16.0,"(88.0, 51.0)",68.29063586020267,100,18.0,"['1015-(0, 16)-18.0']"
320.0,10001-100,Truck,Halted,16.0,"(88.0, 51.0)",68.29063586020267,100,18.0,"['1015-(0, 16)-18.0']"
320.0,10001-100,Truck,Halted,16.0,"(88.0, 51.0)",68.29063586020267,100,0.0,[]
320.0,10001-100,Truck,Idle,16.0,"(88.0, 51.0)",68.29063586020267,100,0.0,[]
351.0,10001-100,Truck,Returned,0.0,"(82.0, 76.0)",68.29063586020267,100,0.0,[]
0.0,10002-100,Truck,Idle,0.0,"(82.0, 76.0)",100.0,100,0.0,[]
0.0,10002-100,Truck,Halted,0.0,"(82.0, 76.0)",100.0,100,0.0,[]
0.0,10002-100,Truck,Halted,0.0,"(82.0, 76.0)",100.0,100,19.0,"['1000-(0, 1)-19.0']"
0.0,10002-100,Truck,Halted,0.0,"(82.0, 76.0)",100.0,100,41.0,"['1000-(0, 1)-19.0', '1014-(0, 15)-22.0']"
0.0,10002-100,Truck,Halted,0.0,"(82.0, 76.0)",100.0,100,56.0,"['1000-(0, 1)-19.0', '1014-(0, 15)-22.0', '1027_1-(0, 34)-15.0']"
0.0,10002-100,Truck,Halted,0.0,"(82.0, 76.0)",100.0,100,65.0,"['1000-(0, 1)-19.0', '1014-(0, 15)-22.0', '1027_1-(0, 34)-15.0', '1030-(0, 31)-9.0']"
0.0,10002-100,Truck,Halted,0.0,"(82.0, 76.0)",100.0,100,81.0,"['1000-(0, 1)-19.0', '1014-(0, 15)-22.0', '1027_1-(0, 34)-15.0', '1030-(0, 31)-9.0', '1012-(0, 13)-16.0']"
0.0,10002-100,Truck,Halted,0.0,"(82.0, 76.0)",100.0,100,97.0,"['1000-(0, 1)-19.0', '1014-(0, 15)-22.0', '1027_1-(0, 34)-15.0', '1030-(0, 31)-9.0', '1012-(0, 13)-16.0', '1008-(0, 9)-16.0']"
0.0,10002-100,Truck,En Route,,"(82.0, 76.0)",100.0,100,97.0,"['1000-(0, 1)-19.0', '1014-(0, 15)-22.0', '1027_1-(0, 34)-15.0', '1030-(0, 31)-9.0', '1012-(0, 13)-16.0', '1008-(0, 9)-16.0']"
35.0,10002-100,Truck,En Route,1.0,"(96.0, 44.0)",96.5071501606856,100,97.0,"['1000-(0, 1)-19.0', '1014-(0, 15)-22.0', '1027_1-(0, 34)-15.0', '1030-(0, 31)-9.0', '1012-(0, 13)-16.0', '1008-(0, 9)-16.0']"
35.0,10002-100,Truck,En Route,1.0,"(96.0, 44.0)",96.5071501606856,100,97.0,"['1000-(0, 1)-19.0', '1014-(0, 15)-22.0', '1027_1-(0, 34)-15.0', '1030-(0, 31)-9.0', '1012-(0, 13)-16.0', '1008-(0, 9)-16.0']"
35.0,10002-100,Truck,Halted,1.0,"(96.0, 44.0)",96.5071501606856,100,97.0,"['1000-(0, 1)-19.0', '1014-(0, 15)-22.0', '1027_1-(0, 34)-15.0', '1030-(0, 31)-9.0', '1012-(0, 13)-16.0', '1008-(0, 9)-16.0']"
35.0,10002-100,Truck,Halted,1.0,"(96.0, 44.0)",96.5071501606856,100,78.0,"['1014-(0, 15)-22.0', '1027_1-(0, 34)-15.0', '1030-(0, 31)-9.0', '1012-(0, 13)-16.0', '1008-(0, 9)-16.0']"
35.0,10002-100,Truck,En Route,,"(96.0, 44.0)",96.5071501606856,100,78.0,"['1014-(0, 15)-22.0', '1027_1-(0, 34)-15.0', '1030-(0, 31)-9.0', '1012-(0, 13)-16.0', '1008-(0, 9)-16.0']"
75.0,10002-100,Truck,En Route,31.0,"(98.0, 5.0)",92.60202532273249,100,78.0,"['1014-(0, 15)-22.0', '1027_1-(0, 34)-15.0', '1030-(0, 31)-9.0', '1012-(0, 13)-16.0', '1008-(0, 9)-16.0']"
75.0,10002-100,Truck,En Route,31.0,"(98.0, 5.0)",92.60202532273249,100,78.0,"['1014-(0, 15)-22.0', '1027_1-(0, 34)-15.0', '1030-(0, 31)-9.0', '1012-(0, 13)-16.0', '1008-(0, 9)-16.0']"
75.0,10002-100,Truck,Halted,31.0,"(98.0, 5.0)",92.60202532273249,100,78.0,"['1014-(0, 15)-22.0', '1027_1-(0, 34)-15.0', '1030-(0, 31)-9.0', '1012-(0, 13)-16.0', '1008-(0, 9)-16.0']"
75.0,10002-100,Truck,Halted,31.0,"(98.0, 5.0)",92.60202532273249,100,69.0,"['1014-(0, 15)-22.0', '1027_1-(0, 34)-15.0', '1012-(0, 13)-16.0', '1008-(0, 9)-16.0']"
75.0,10002-100,Truck,En Route,,"(98.0, 5.0)",92.60202532273249,100,69.0,"['1014-(0, 15)-22.0', '1027_1-(0, 34)-15.0', '1012-(0, 13)-16.0', '1008-(0, 9)-16.0']"
190.0,10002-100,Truck,En Route,15.0,"(1.0, 65.0)",81.19632499351178,100,69.0,"['1014-(0, 15)-22.0', '1027_1-(0, 34)-15.0', '1012-(0, 13)-16.0', '1008-(0, 9)-16.0']"
190.0,10002-100,Truck,En Route,15.0,"(1.0, 65.0)",81.19632499351178,100,69.0,"['1014-(0, 15)-22.0', '1027_1-(0, 34)-15.0', '1012-(0, 13)-16.0', '1008-(0, 9)-16.0']"
190.0,10002-100,Truck,Halted,15.0,"(1.0, 65.0)",81.19632499351178,100,69.0,"['1014-(0, 15)-22.0', '1027_1-(0, 34)-15.0', '1012-(0, 13)-16.0', '1008-(0, 9)-16.0']"
190.0,10002-100,Truck,Halted,15.0,"(1.0, 65.0)",81.19632499351178,100,47.0,"['1027_1-(0, 34)-15.0', '1012-(0, 13)-16.0', '1008-(0, 9)-16.0']"
190.0,10002-100,Truck,En Route,,"(1.0, 65.0)",81.19632499351178,100,47.0,"['1027_1-(0, 34)-15.0', '1012-(0, 13)-16.0', '1008-(0, 9)-16.0']"
217.0,10002-100,Truck,En Route,9.0,"(2.0, 39.0)",78.5944026272604,100,47.0,"['1027_1-(0, 34)-15.0', '1012-(0, 13)-16.0', '1008-(0, 9)-16.0']"
217.0,10002-100,Truck,En Route,9.0,"(2.0, 39.0)",78.5944026272604,100,47.0,"['1027_1-(0, 34)-15.0', '1012-(0, 13)-16.0', '1008-(0, 9)-16.0']"
217.0,10002-100,Truck,Halted,9.0,"(2.0, 39.0)",78.5944026272604,100,47.0,"['1027_1-(0, 34)-15.0', '1012-(0, 13)-16.0', '1008-(0, 9)-16.0']"
217.0,10002-100,Truck,Halted,9.0,"(2.0, 39.0)",78.5944026272604,100,31.0,"['1027_1-(0, 34)-15.0', '1012-(0, 13)-16.0']"
217.0,10002-100,Truck,En Route,,"(2.0, 39.0)",78.5944026272604,100,31.0,"['1027_1-(0, 34)-15.0', '1012-(0, 13)-16.0']"
242.0,10002-100,Truck,En Route,34.0,"(14.8, 17.6)",76.1008108402994,100,31.0,"['1027_1-(0, 34)-15.0', '1012-(0, 13)-16.0']"
242.0,10002-100,Truck,En Route,34.0,"(14.8, 17.6)",76.1008108402994,100,31.0,"['1027_1-(0, 34)-15.0', '1012-(0, 13)-16.0']"
242.0,10002-100,Truck,Halted,34.0,"(14.8, 17.6)",76.1008108402994,100,31.0,"['1027_1-(0, 34)-15.0', '1012-(0, 13)-16.0']"
242.0,10002-100,Truck,Halted,34.0,"(14.8, 17.6)",76.1008108402994,100,16.0,"['1012-(0, 13)-16.0']"
242.0,10002-100,Truck,En Route,,"(14.8, 17.6)",76.1008108402994,100,16.0,"['1012-(0, 13)-16.0']"
312.0,10002-100,Truck,En Route,13.0,"(84.0, 25.0)",69.14135683872755,100,16.0,"['1012-(0, 13)-16.0']"
312.0,10002-100,Truck,En Route,13.0,"(84.0, 25.0)",69.14135683872755,100,16.0,"['1012-(0, 13)-16.0']"
312.0,10002-100,Truck,Halted,13.0,"(84.0, 25.0)",69.14135683872755,100,16.0,"['1012-(0, 13)-16.0']"
312.0,10002-100,Truck,Halted,13.0,"(84.0, 25.0)",69.14135683872755,100,0.0,[]
312.0,10002-100,Truck,Idle,13.0,"(84.0, 25.0)",69.14135683872755,100,0.0,[]
312.0,10002-100,Truck,Halted,13.0,"(84.0, 25.0)",69.14135683872755,100,0.0,[]
313.0,10002-100,Truck,En Route,,"(84.0, 25.0)",69.14135683872755,100,0.0,[]
364.0,10002-100,Truck,En Route,0.0,"(82.0, 76.0)",64.0374367766579,100,0.0,[]
364.0,10002-100,Truck,En Route,0.0,"(82.0, 76.0)",64.0374367766579,100,0.0,[]
364.0,10002-100,Truck,Halted,0.0,"(82.0, 76.0)",64.0374367766579,100,0.0,[]
364.0,10002-100,Truck,Halted,0.0,"(82.0, 76.0)",64.0374367766579,100,2.0,"['1028_1-(0, 33)-2.0']"
364.0,10002-100,Truck,En Route,,"(82.0, 76.0)",64.0374367766579,100,2.0,"['1028_1-(0, 33)-2.0']"
442.0,10002-100,Truck,En Route,33.0,"(47.0, 7.33)",56.32992816492079,100,2.0,"['1028_1-(0, 33)-2.0']"
442.0,10002-100,Truck,En Route,33.0,"(47.0, 7.33)",56.32992816492079,100,2.0,"['1028_1-(0, 33)-2.0']"
442.0,10002-100,Truck,Halted,33.0,"(47.0, 7.33)",56.32992816492079,100,2.0,"['1028_1-(0, 33)-2.0']"
442.0,10002-100,Truck,Halted,33.0,"(47.0, 7.33)",56.32992816492079,100,0.0,[]
442.0,10002-100,Truck,Idle,33.0,"(47.0, 7.33)",56.32992816492079,100,0.0,[]
546.0,10002-100,Truck,Returned,0.0,"(82.0, 76.0)",56.32992816492079,100,0.0,[]
0.0,10003-100,Truck,Idle,0.0,"(82.0, 76.0)",100.0,100,0.0,[]
0.0,10003-100,Truck,Halted,0.0,"(82.0, 76.0)",100.0,100,0.0,[]
0.0,10003-100,Truck,Halted,0.0,"(82.0, 76.0)",100.0,100,3.0,"['1013_1-(0, 34)-3.0']"
0.0,10003-100,Truck,Halted,0.0,"(82.0, 76.0)",100.0,100,15.0,"['1013_1-(0, 34)-3.0', '1020_1-(0, 32)-12.0']"
0.0,10003-100,Truck,Halted,0.0,"(82.0, 76.0)",100.0,100,39.0,"['1013_1-(0, 34)-3.0', '1020_1-(0, 32)-12.0', '1023-(0, 24)-24.0']"
0.0,10003-100,Truck,Halted,0.0,"(82.0, 76.0)",100.0,100,41.0,"['1013_1-(0, 34)-3.0', '1020_1-(0, 32)-12.0', '1023-(0, 24)-24.0', '1025_1-(0, 32)-2.0']"
0.0,10003-100,Truck,Halted,0.0,"(82.0, 76.0)",100.0,100,47.0,"['1013_1-(0, 34)-3.0', '1020_1-(0, 32)-12.0', '1023-(0, 24)-24.0', '1025_1-(0, 32)-2.0', '1007_1-(0, 32)-6.0']"
0.0,10003-100,Truck,Halted,0.0,"(82.0, 76.0)",100.0,100,68.0,"['1013_1-(0, 34)-3.0', '1020_1-(0, 32)-12.0', '1023-(0, 24)-24.0', '1025_1-(0, 32)-2.0', '1007_1-(0, 32)-6.0', '1001-(0, 2)-21.0']"
0.0,10003-100,Truck,Halted,0.0,"(82.0, 76.0)",100.0,100,74.0,"['1013_1-(0, 34)-3.0', '1020_1-(0, 32)-12.0', '1023-(0, 24)-24.0', '1025_1-(0, 32)-2.0', '1007_1-(0, 32)-6.0', '1001-(0, 2)-21.0', '1002_1-(0, 35)-6.0']"
0.0,10003-100,Truck,Halted,0.0,"(82.0, 76.0)",100.0,100,90.0,"['1013_1-(0, 34)-3.0', '1020_1-(0, 32)-12.0', '1023-(0, 24)-24.0', '1025_1-(0, 32)-2.0', '1007_1-(0, 32)-6.0', '1001-(0, 2)-21.0', '1002_1-(0, 35)-6.0', '1006-(0, 7)-16.0']"
0.0,10003-100,Truck,En Route,,"(82.0, 76.0)",100.0,100,90.0,"['1013_1-(0, 34)-3.0', '1020_1-(0, 32)-12.0', '1023-(0, 24)-24.0', '1025_1-(0, 32)-2.0', '1007_1-(0, 32)-6.0', '1001-(0, 2)-21.0', '1002_1-(0, 35)-6.0', '1006-(0, 7)-16.0']"
90.0,10003-100,Truck,En Route,34.0,"(14.8, 17.6)",91.09696680900318,100,90.0,"['1013_1-(0, 34)-3.0', '1020_1-(0, 32)-12.0', '1023-(0, 24)-24.0', '1025_1-(0, 32)-2.0', '1007_1-(0, 32)-6.0', '1001-(0, 2)-21.0', '1002_1-(0, 35)-6.0', '1006-(0, 7)-16.0']"
90.0,10003-100,Truck,En Route,34.0,"(14.8, 17.6)",91.09696680900318,100,90.0,"['1013_1-(0, 34)-3.0', '1020_1-(0, 32)-12.0', '1023-(0, 24)-24.0', '1025_1-(0, 32)-2.0', '1007_1-(0, 32)-6.0', '1001-(0, 2)-21.0', '1002_1-(0, 35)-6.0', '1006-(0, 7)-16.0']"
90.0,10003-100,Truck,Halted,34.0,"(14.8, 17.6)",91.09696680900318,100,90.0,"['1013_1-(0, 34)-3.0', '1020_1-(0, 32)-12.0', '1023-(0, 24)-24.0', '1025_1-(0, 32)-2.0', '1007_1-(0, 32)-6.0', '1001-(0, 2)-21.0', '1002_1-(0, 35)-6.0', '1006-(0, 7)-16.0']"
90.0,10003-100,Truck,Halted,34.0,"(14.8, 17.6)",91.09696680900318,100,87.0,"['1020_1-(0, 32)-12.0', '1023-(0, 24)-24.0', '1025_1-(0, 32)-2.0', '1007_1-(0, 32)-6.0', '1001-(0, 2)-21.0', '1002_1-(0, 35)-6.0', '1006-(0, 7)-16.0']"
90.0,10003-100,Truck,En Route,,"(14.8, 17.6)",91.09696680900318,100,87.0,"['1020_1-(0, 32)-12.0', '1023-(0, 24)-24.0', '1025_1-(0, 32)-2.0', '1007_1-(0, 32)-6.0', '1001-(0, 2)-21.0', '1002_1-(0, 35)-6.0', '1006-(0, 7)-16.0']"
169.0,10003-100,Truck,En Route,32.0,"(87.86, 46.57)",83.23756193331488,100,87.0,"['1020_1-(0, 32)-12.0', '1023-(0, 24)-24.0', '1025_1-(0, 32)-2.0', '1007_1-(0, 32)-6.0', '1001-(0, 2)-21.0', '1002_1-(0, 35)-6.0', '1006-(0, 7)-16.0']"
169.0,10003-100,Truck,En Route,32.0,"(87.86, 46.57)",83.23756193331488,100,87.0,"['1020_1-(0, 32)-12.0', '1023-(0, 24)-24.0', '1025_1-(0, 32)-2.0', '1007_1-(0, 32)-6.0', '1001-(0, 2)-21.0', '1002_1-(0, 35)-6.0', '1006-(0, 7)-16.0']"
169.0,10003-100,Truck,Halted,32.0,"(87.86, 46.57)",83.23756193331488,100,87.0,"['1020_1-(0, 32)-12.0', '1023-(0, 24)-24.0', '1025_1-(0, 32)-2.0', '1007_1-(0, 32)-6.0', '1001-(0, 2)-21.0', '1002_1-(0, 35)-6.0', '1006-(0, 7)-16.0']"
169.0,10003-100,Truck,Halted,32.0,"(87.86, 46.57)",83.23756193331488,100,75.0,"['1023-(0, 24)-24.0', '1025_1-(0, 32)-2.0', '1007_1-(0, 32)-6.0', '1001-(0, 2)-21.0', '1002_1-(0, 35)-6.0', '1006-(0, 7)-16.0']"
169.0,10003-100,Truck,Halted,32.0,"(87.86, 46.57)",83.23756193331488,100,73.0,"['1023-(0, 24)-24.0', '1007_1-(0, 32)-6.0', '1001-(0, 2)-21.0', '1002_1-(0, 35)-6.0', '1006-(0, 7)-16.0']"
169.0,10003-100,Truck,Halted,32.0,"(87.86, 46.57)",83.23756193331488,100,67.0,"['1023-(0, 24)-24.0', '1001-(0, 2)-21.0', '1002_1-(0, 35)-6.0', '1006-(0, 7)-16.0']"
169.0,10003-100,Truck,En Route,,"(87.86, 46.57)",83.23756193331488,100,67.0,"['1023-(0, 24)-24.0', '1001-(0, 2)-21.0', '1002_1-(0, 35)-6.0', '1006-(0, 7)-16.0']"
202.0,10003-100,Truck,En Route,35.0,"(59.67, 63.33)",79.95796790356077,100,67.0,"['1023-(0, 24)-24.0', '1001-(0, 2)-21.0', '1002_1-(0, 35)-6.0', '1006-(0, 7)-16.0']"
202.0,10003-100,Truck,En Route,35.0,"(59.67, 63.33)",79.95796790356077,100,67.0,"['1023-(0, 24)-24.0', '1001-(0, 2)-21.0', '1002_1-(0, 35)-6.0', '1006-(0, 7)-16.0']"
202.0,10003-100,Truck,Halted,35.0,"(59.67, 63.33)",79.95796790356077,100,67.0,"['1023-(0, 24)-24.0', '1001-(0, 2)-21.0', '1002_1-(0, 35)-6.0', '1006-(0, 7)-16.0']"
202.0,10003-100,Truck,Halted,35.0,"(59.67, 63.33)",79.95796790356077,100,61.0,"['1023-(0, 24)-24.0', '1001-(0, 2)-21.0', '1006-(0, 7)-16.0']"
202.0,10003-100,Truck,En Route,,"(59.67, 63.33)",79.95796790356077,100,61.0,"['1023-(0, 24)-24.0', '1001-(0, 2)-21.0', '1006-(0, 7)-16.0']"
204.0,10003-100,Truck,En Route,24.0,"(61.0, 62.0)",79.76987749976516,100,61.0,"['1023-(0, 24)-24.0', '1001-(0, 2)-21.0', '1006-(0, 7)-16.0']"
204.0,10003-100,Truck,En Route,24.0,"(61.0, 62.0)",79.76987749976516,100,61.0,"['1023-(0, 24)-24.0', '1001-(0, 2)-21.0', '1006-(0, 7)-16.0']"
204.0,10003-100,Truck,Halted,24.0,"(61.0, 62.0)",79.76987749976516,100,61.0,"['1023-(0, 24)-24.0', '1001-(0, 2)-21.0', '1006-(0, 7)-16.0']"
204.0,10003-100,Truck,Halted,24.0,"(61.0, 62.0)",79.76987749976516,100,37.0,"['1001-(0, 2)-21.0', '1006-(0, 7)-16.0']"
204.0,10003-100,Truck,En Route,,"(61.0, 62.0)",79.76987749976516,100,37.0,"['1001-(0, 2)-21.0', '1006-(0, 7)-16.0']"
263.0,10003-100,Truck,En Route,2.0,"(50.0, 5.0)",73.9647073902855,100,37.0,"['1001-(0, 2)-21.0', '1006-(0, 7)-16.0']"
263.0,10003-100,Truck,En Route,2.0,"(50.0, 5.0)",73.9647073902855,100,37.0,"['1001-(0, 2)-21.0', '1006-(0, 7)-16.0']"
263.0,10003-100,Truck,Halted,2.0,"(50.0, 5.0)",73.9647073902855,100,37.0,"['1001-(0, 2)-21.0', '1006-(0, 7)-16.0']"
263.0,10003-100,Truck,Halted,2.0,"(50.0, 5.0)",73.9647073902855,100,16.0,"['1006-(0, 7)-16.0']"
263.0,10003-100,Truck,En Route,,"(50.0, 5.0)",73.9647073902855,100,16.0,"['1006-(0, 7)-16.0']"
312.0,10003-100,Truck,En Route,7.0,"(84.0, 39.0)",69.15638127821725,100,16.0,"['1006-(0, 7)-16.0']"
312.0,10003-100,Truck,En Route,7.0,"(84.0, 39.0)",69.15638127821725,100,16.0,"['1006-(0, 7)-16.0']"
312.0,10003-100,Truck,Halted,7.0,"(84.0, 39.0)",69.15638127821725,100,16.0,"['1006-(0, 7)-16.0']"
312.0,10003-100,Truck,Halted,7.0,"(84.0, 39.0)",69.15638127821725,100,0.0,[]
312.0,10003-100,Truck,Idle,7.0,"(84.0, 39.0)",69.15638127821725,100,0.0,[]
351.0,10003-100,Truck,Returned,0.0,"(82.0, 76.0)",69.15638127821725,100,0.0,[]
0.0,10004-100,Truck,Idle,0.0,"(82.0, 76.0)",100.0,100,0.0,[]
0.0,10004-100,Truck,Halted,0.0,"(82.0, 76.0)",100.0,100,0.0,[]
0.0,10004-100,Truck,Halted,0.0,"(82.0, 76.0)",100.0,100,14.0,"['1029-(0, 30)-14.0']"
0.0,10004-100,Truck,En Route,,"(82.0, 76.0)",100.0,100,14.0,"['1029-(0, 30)-14.0']"
17.0,10004-100,Truck,En Route,30.0,"(85.0, 60.0)",98.37211794039013,100,14.0,"['1029-(0, 30)-14.0']"
17.0,10004-100,Truck,En Route,30.0,"(85.0, 60.0)",98.37211794039013,100,14.0,"['1029-(0, 30)-14.0']"
17.0,10004-100,Truck,Halted,30.0,"(85.0, 60.0)",98.37211794039013,100,14.0,"['1029-(0, 30)-14.0']"
17.0,10004-100,Truck,Halted,30.0,"(85.0, 60.0)",98.37211794039013,100,0.0,[]
17.0,10004-100,Truck,Idle,30.0,"(85.0, 60.0)",98.37211794039013,100,0.0,[]
17.0,10004-100,Truck,Halted,30.0,"(85.0, 60.0)",98.37211794039013,100,0.0,[]
18.0,10004-100,Truck,En Route,,"(85.0, 60.0)",98.37211794039013,100,0.0,[]
34.0,10004-100,Truck,En Route,0.0,"(82.0, 76.0)",96.74423588078025,100,0.0,[]
34.0,10004-100,Truck,En Route,0.0,"(82.0, 76.0)",96.74423588078025,100,0.0,[]
34.0,10004-100,Truck,Halted,0.0,"(82.0, 76.0)",96.74423588078025,100,0.0,[]
34.0,10004-100,Truck,Halted,0.0,"(82.0, 76.0)",96.74423588078025,100,1.0,"['1017_1-(0, 33)-1.0']"
34.0,10004-100,Truck,En Route,,"(82.0, 76.0)",96.74423588078025,100,1.0,"['1017_1-(0, 33)-1.0']"
112.0,10004-100,Truck,En Route,33.0,"(47.0, 7.33)",89.0367272690437,100,1.0,"['1017_1-(0, 33)-1.0']"
112.0,10004-100,Truck,En Route,33.0,"(47.0, 7.33)",89.0367272690437,100,1.0,"['1017_1-(0, 33)-1.0']"
112.0,10004-100,Truck,Halted,33.0,"(47.0, 7.33)",89.0367272690437,100,1.0,"['1017_1-(0, 33)-1.0']"
112.0,10004-100,Truck,Halted,33.0,"(47.0, 7.33)",89.0367272690437,100,0.0,[]
112.0,10004-100,Truck,Idle,33.0,"(47.0, 7.33)",89.0367272690437,100,0.0,[]
112.0,10004-100,Truck,Halted,33.0,"(47.0, 7.33)",89.0367272690437,100,0.0,[]
113.0,10004-100,Truck,En Route,,"(47.0, 7.33)",89.0367272690437,100,0.0,[]
190.0,10004-100,Truck,En Route,0.0,"(82.0, 76.0)",81.32921865730714,100,0.0,[]
190.0,10004-100,Truck,En Route,0.0,"(82.0, 76.0)",81.32921865730714,100,0.0,[]
190.0,10004-100,Truck,Halted,0.0,"(82.0, 76.0)",81.32921865730714,100,0.0,[]
190.0,10004-100,Truck,Halted,0.0,"(82.0, 76.0)",81.32921865730714,100,4.0,"['1021_1-(0, 35)-4.0']"
190.0,10004-100,Truck,En Route,,"(82.0, 76.0)",81.32921865730714,100,4.0,"['1021_1-(0, 35)-4.0']"
216.0,10004-100,Truck,En Route,35.0,"(59.67, 63.33)",78.76181179434224,100,4.0,"['1021_1-(0, 35)-4.0']"
216.0,10004-100,Truck,En Route,35.0,"(59.67, 63.33)",78.76181179434224,100,4.0,"['1021_1-(0, 35)-4.0']"
216.0,10004-100,Truck,Halted,35.0,"(59.67, 63.33)",78.76181179434224,100,4.0,"['1021_1-(0, 35)-4.0']"
216.0,10004-100,Truck,Halted,35.0,"(59.67, 63.33)",78.76181179434224,100,0.0,[]
216.0,10004-100,Truck,Idle,35.0,"(59.67, 63.33)",78.76181179434224,100,0.0,[]
216.0,10004-100,Truck,Halted,35.0,"(59.67, 63.33)",78.76181179434224,100,0.0,[]
217.0,10004-100,Truck,En Route,,"(59.67, 63.33)",78.76181179434224,100,0.0,[]
242.0,10004-100,Truck,En Route,0.0,"(82.0, 76.0)",76.19440493137733,100,0.0,[]
242.0,10004-100,Truck,En Route,0.0,"(82.0, 76.0)",76.19440493137733,100,0.0,[]
242.0,10004-100,Truck,Halted,0.0,"(82.0, 76.0)",76.19440493137733,100,0.0,[]
242.0,10004-100,Truck,Halted,0.0,"(82.0, 76.0)",76.19440493137733,100,8.0,"['1019_1-(0, 35)-8.0']"
242.0,10004-100,Truck,En Route,,"(82.0, 76.0)",76.19440493137733,100,8.0,"['1019_1-(0, 35)-8.0']"
268.0,10004-100,Truck,En Route,35.0,"(59.67, 63.33)",73.62699806841243,100,8.0,"['1019_1-(0, 35)-8.0']"
268.0,10004-100,Truck,En Route,35.0,"(59.67, 63.33)",73.62699806841243,100,8.0,"['1019_1-(0, 35)-8.0']"
268.0,10004-100,Truck,Halted,35.0,"(59.67, 63.33)",73.62699806841243,100,8.0,"['1019_1-(0, 35)-8.0']"
268.0,10004-100,Truck,Halted,35.0,"(59.67, 63.33)",73.62699806841243,100,0.0,[]
268.0,10004-100,Truck,Idle,35.0,"(59.67, 63.33)",73.62699806841243,100,0.0,[]
268.0,10004-100,Truck,Halted,35.0,"(59.67, 63.33)",73.62699806841243,100,0.0,[]
269.0,10004-100,Truck,En Route,,"(59.67, 63.33)",73.62699806841243,100,0.0,[]
294.0,10004-100,Truck,En Route,0.0,"(82.0, 76.0)",71.05959120544753,100,0.0,[]
294.0,10004-100,Truck,En Route,0.0,"(82.0, 76.0)",71.05959120544753,100,0.0,[]
294.0,10004-100,Truck,Halted,0.0,"(82.0, 76.0)",71.05959120544753,100,0.0,[]
294.0,10004-100,Truck,Halted,0.0,"(82.0, 76.0)",71.05959120544753,100,8.0,"['1022_1-(0, 33)-8.0']"
294.0,10004-100,Truck,En Route,,"(82.0, 76.0)",71.05959120544753,100,8.0,"['1022_1-(0, 33)-8.0']"
372.0,10004-100,Truck,En Route,33.0,"(47.0, 7.33)",63.35208259371092,100,8.0,"['1022_1-(0, 33)-8.0']"
372.0,10004-100,Truck,En Route,33.0,"(47.0, 7.33)",63.35208259371092,100,8.0,"['1022_1-(0, 33)-8.0']"
372.0,10004-100,Truck,Halted,33.0,"(47.0, 7.33)",63.35208259371092,100,8.0,"['1022_1-(0, 33)-8.0']"
372.0,10004-100,Truck,Halted,33.0,"(47.0, 7.33)",63.35208259371092,100,0.0,[]
372.0,10004-100,Truck,Idle,33.0,"(47.0, 7.33)",63.35208259371092,100,0.0,[]
476.0,10004-100,Truck,Returned,0.0,"(82.0, 76.0)",63.35208259371092,100,0.0,[]
0.0,20000-20,Drone,Idle,32.0,"(87.86, 46.57)",1.0,20,0.0,[]
0.0,20000-20,Drone,Halted,32.0,"(87.86, 46.57)",1.0,20,0.0,[]
169.0,20000-20,Drone,Halted,32.0,"(87.86, 46.57)",1.0,20,6.0,"['1007_2-(32, 8)-6.0']"
169.0,20000-20,Drone,Halted,32.0,"(87.86, 46.57)",1.0,20,8.0,"['1007_2-(32, 8)-6.0', '1025_2-(32, 26)-2.0']"
169.0,20000-20,Drone,Halted,32.0,"(87.86, 46.57)",1.0,20,20.0,"['1007_2-(32, 8)-6.0', '1025_2-(32, 26)-2.0', '1020_2-(32, 21)-12.0']"
169.0,20000-20,Drone,En Route,,"(87.86, 46.57)",1.0,20,20.0,"['1007_2-(32, 8)-6.0', '1025_2-(32, 26)-2.0', '1020_2-(32, 21)-12.0']"
247.0,20000-20,Drone,En Route,8.0,"(14.0, 24.0)",0.9227685005972304,20,20.0,"['1007_2-(32, 8)-6.0', '1025_2-(32, 26)-2.0', '1020_2-(32, 21)-12.0']"
247.0,20000-20,Drone,En Route,8.0,"(14.0, 24.0)",0.9227685005972304,20,20.0,"['1007_2-(32, 8)-6.0', '1025_2-(32, 26)-2.0', '1020_2-(32, 21)-12.0']"
247.0,20000-20,Drone,Halted,8.0,"(14.0, 24.0)",0.9227685005972304,20,20.0,"['1007_2-(32, 8)-6.0', '1025_2-(32, 26)-2.0', '1020_2-(32, 21)-12.0']"
247.0,20000-20,Drone,Halted,8.0,"(14.0, 24.0)",0.9227685005972304,20,14.0,"['1025_2-(32, 26)-2.0', '1020_2-(32, 21)-12.0']"
247.0,20000-20,Drone,En Route,,"(14.0, 24.0)",0.9227685005972304,20,14.0,"['1025_2-(32, 26)-2.0', '1020_2-(32, 21)-12.0']"
332.0,20000-20,Drone,En Route,21.0,"(98.0, 14.0)",0.8381753566670039,20,14.0,"['1025_2-(32, 26)-2.0', '1020_2-(32, 21)-12.0']"
332.0,20000-20,Drone,En Route,21.0,"(98.0, 14.0)",0.8381753566670039,20,14.0,"['1025_2-(32, 26)-2.0', '1020_2-(32, 21)-12.0']"
332.0,20000-20,Drone,Halted,21.0,"(98.0, 14.0)",0.8381753566670039,20,14.0,"['1025_2-(32, 26)-2.0', '1020_2-(32, 21)-12.0']"
332.0,20000-20,Drone,Halted,21.0,"(98.0, 14.0)",0.8381753566670039,20,2.0,"['1025_2-(32, 26)-2.0']"
332.0,20000-20,Drone,En Route,,"(98.0, 14.0)",0.8381753566670039,20,2.0,"['1025_2-(32, 26)-2.0']"
377.0,20000-20,Drone,En Route,26.0,"(80.0, 55.0)",0.7933981303125277,20,2.0,"['1025_2-(32, 26)-2.0']"
377.0,20000-20,Drone,En Route,26.0,"(80.0, 55.0)",0.7933981303125277,20,2.0,"['1025_2-(32, 26)-2.0']"
377.0,20000-20,Drone,Halted,26.0,"(80.0, 55.0)",0.7933981303125277,20,2.0,"['1025_2-(32, 26)-2.0']"
377.0,20000-20,Drone,Halted,26.0,"(80.0, 55.0)",0.7933981303125277,20,0.0,[]
377.0,20000-20,Drone,Idle,26.0,"(80.0, 55.0)",0.7933981303125277,20,0.0,[]
389.0,20000-20,Drone,Returned,32.0,"(87.86, 46.57)",0.7933981303125277,20,0.0,[]
0.0,20001-20,Drone,Idle,33.0,"(47.0, 7.33)",1.0,20,0.0,[]
0.0,20001-20,Drone,Halted,33.0,"(47.0, 7.33)",1.0,20,0.0,[]
442.0,20001-20,Drone,Halted,33.0,"(47.0, 7.33)",1.0,20,7.0,"['1004_2-(33, 5)-7.0']"
442.0,20001-20,Drone,Halted,33.0,"(47.0, 7.33)",1.0,20,15.0,"['1004_2-(33, 5)-7.0', '1022_2-(33, 23)-8.0']"
442.0,20001-20,Drone,Halted,33.0,"(47.0, 7.33)",1.0,20,16.0,"['1004_2-(33, 5)-7.0', '1022_2-(33, 23)-8.0', '1017_2-(33, 18)-1.0']"
442.0,20001-20,Drone,Halted,33.0,"(47.0, 7.33)",1.0,20,18.0,"['1004_2-(33, 5)-7.0', '1022_2-(33, 23)-8.0', '1017_2-(33, 18)-1.0', '1028_2-(33, 29)-2.0']"
442.0,20001-20,Drone,En Route,,"(47.0, 7.33)",1.0,20,18.0,"['1004_2-(33, 5)-7.0', '1022_2-(33, 23)-8.0', '1017_2-(33, 18)-1.0', '1028_2-(33, 29)-2.0']"
526.0,20001-20,Drone,En Route,5.0,"(29.0, 89.0)",0.9163699282554414,20,18.0,"['1004_2-(33, 5)-7.0', '1022_2-(33, 23)-8.0', '1017_2-(33, 18)-1.0', '1028_2-(33, 29)-2.0']"
526.0,20001-20,Drone,En Route,5.0,"(29.0, 89.0)",0.9163699282554414,20,18.0,"['1004_2-(33, 5)-7.0', '1022_2-(33, 23)-8.0', '1017_2-(33, 18)-1.0', '1028_2-(33, 29)-2.0']"
526.0,20001-20,Drone,Halted,5.0,"(29.0, 89.0)",0.9163699282554414,20,18.0,"['1004_2-(33, 5)-7.0', '1022_2-(33, 23)-8.0', '1017_2-(33, 18)-1.0', '1028_2-(33, 29)-2.0']"
526.0,20001-20,Drone,Halted,5.0,"(29.0, 89.0)",0.9163699282554414,20,11.0,"['1022_2-(33, 23)-8.0', '1017_2-(33, 18)-1.0', '1028_2-(33, 29)-2.0']"
526.0,20001-20,Drone,En Route,,"(29.0, 89.0)",0.9163699282554414,20,11.0,"['1022_2-(33, 23)-8.0', '1017_2-(33, 18)-1.0', '1028_2-(33, 29)-2.0']"
584.0,20001-20,Drone,En Route,18.0,"(19.0, 32.0)",0.8584993830705202,20,11.0,"['1022_2-(33, 23)-8.0', '1017_2-(33, 18)-1.0', '1028_2-(33, 29)-2.0']"
584.0,20001-20,Drone,En Route,18.0,"(19.0, 32.0)",0.8584993830705202,20,11.0,"['1022_2-(33, 23)-8.0', '1017_2-(33, 18)-1.0', '1028_2-(33, 29)-2.0']"
584.0,20001-20,Drone,Halted,18.0,"(19.0, 32.0)",0.8584993830705202,20,11.0,"['1022_2-(33, 23)-8.0', '1017_2-(33, 18)-1.0', '1028_2-(33, 29)-2.0']"
584.0,20001-20,Drone,Halted,18.0,"(19.0, 32.0)",0.8584993830705202,20,10.0,"['1022_2-(33, 23)-8.0', '1028_2-(33, 29)-2.0']"
584.0,20001-20,Drone,En Route,,"(19.0, 32.0)",0.8584993830705202,20,10.0,"['1022_2-(33, 23)-8.0', '1028_2-(33, 29)-2.0']"
617.0,20001-20,Drone,En Route,23.0,"(42.0, 9.0)",0.825972471135939,20,10.0,"['1022_2-(33, 23)-8.0', '1028_2-(33, 29)-2.0']"
617.0,20001-20,Drone,En Route,23.0,"(42.0, 9.0)",0.825972471135939,20,10.0,"['1022_2-(33, 23)-8.0', '1028_2-(33, 29)-2.0']"
617.0,20001-20,Drone,Halted,23.0,"(42.0, 9.0)",0.825972471135939,20,10.0,"['1022_2-(33, 23)-8.0', '1028_2-(33, 29)-2.0']"
617.0,20001-20,Drone,Halted,23.0,"(42.0, 9.0)",0.825972471135939,20,2.0,"['1028_2-(33, 29)-2.0']"
617.0,20001-20,Drone,En Route,,"(42.0, 9.0)",0.825972471135939,20,2.0,"['1028_2-(33, 29)-2.0']"
682.0,20001-20,Drone,En Route,29.0,"(20.0, 70.0)",0.761126499788445,20,2.0,"['1028_2-(33, 29)-2.0']"
682.0,20001-20,Drone,En Route,29.0,"(20.0, 70.0)",0.761126499788445,20,2.0,"['1028_2-(33, 29)-2.0']"
682.0,20001-20,Drone,Halted,29.0,"(20.0, 70.0)",0.761126499788445,20,2.0,"['1028_2-(33, 29)-2.0']"
682.0,20001-20,Drone,Halted,29.0,"(20.0, 70.0)",0.761126499788445,20,0.0,[]
682.0,20001-20,Drone,Idle,29.0,"(20.0, 70.0)",0.761126499788445,20,0.0,[]
751.0,20001-20,Drone,Returned,33.0,"(47.0, 7.33)",0.761126499788445,20,0.0,[]
0.0,20002-20,Drone,Idle,34.0,"(14.8, 17.6)",1.0,20,0.0,[]
0.0,20002-20,Drone,Halted,34.0,"(14.8, 17.6)",1.0,20,0.0,[]
242.0,20002-20,Drone,Halted,34.0,"(14.8, 17.6)",1.0,20,15.0,"['1027_2-(34, 28)-15.0']"
242.0,20002-20,Drone,Halted,34.0,"(14.8, 17.6)",1.0,20,18.0,"['1027_2-(34, 28)-15.0', '1013_2-(34, 14)-3.0']"
242.0,20002-20,Drone,En Route,,"(14.8, 17.6)",1.0,20,18.0,"['1027_2-(34, 28)-15.0', '1013_2-(34, 14)-3.0']"
251.0,20002-20,Drone,En Route,28.0,"(23.0, 15.0)",0.9913976747329574,20,18.0,"['1027_2-(34, 28)-15.0', '1013_2-(34, 14)-3.0']"
251.0,20002-20,Drone,En Route,28.0,"(23.0, 15.0)",0.9913976747329574,20,18.0,"['1027_2-(34, 28)-15.0', '1013_2-(34, 14)-3.0']"
251.0,20002-20,Drone,Halted,28.0,"(23.0, 15.0)",0.9913976747329574,20,18.0,"['1027_2-(34, 28)-15.0', '1013_2-(34, 14)-3.0']"
251.0,20002-20,Drone,Halted,28.0,"(23.0, 15.0)",0.9913976747329574,20,3.0,"['1013_2-(34, 14)-3.0']"
251.0,20002-20,Drone,En Route,,"(23.0, 15.0)",0.9913976747329574,20,3.0,"['1013_2-(34, 14)-3.0']"
310.0,20002-20,Drone,En Route,14.0,"(61.0, 59.0)",0.9332599073179628,20,3.0,"['1013_2-(34, 14)-3.0']"
310.0,20002-20,Drone,En Route,14.0,"(61.0, 59.0)",0.9332599073179628,20,3.0,"['1013_2-(34, 14)-3.0']"
310.0,20002-20,Drone,Halted,14.0,"(61.0, 59.0)",0.9332599073179628,20,3.0,"['1013_2-(34, 14)-3.0']"
310.0,20002-20,Drone,Halted,14.0,"(61.0, 59.0)",0.9332599073179628,20,0.0,[]
310.0,20002-20,Drone,Idle,14.0,"(61.0, 59.0)",0.9332599073179628,20,0.0,[]
373.0,20002-20,Drone,Returned,34.0,"(14.8, 17.6)",0.9332599073179628,20,0.0,[]
0.0,20003-20,Drone,Idle,35.0,"(59.67, 63.33)",1.0,20,0.0,[]
0.0,20003-20,Drone,Halted,35.0,"(59.67, 63.33)",1.0,20,0.0,[]
268.0,20003-20,Drone,Halted,35.0,"(59.67, 63.33)",1.0,20,6.0,"['1002_2-(35, 3)-6.0']"
268.0,20003-20,Drone,Halted,35.0,"(59.67, 63.33)",1.0,20,14.0,"['1002_2-(35, 3)-6.0', '1019_2-(35, 20)-8.0']"
268.0,20003-20,Drone,Halted,35.0,"(59.67, 63.33)",1.0,20,18.0,"['1002_2-(35, 3)-6.0', '1019_2-(35, 20)-8.0', '1021_2-(35, 22)-4.0']"
268.0,20003-20,Drone,En Route,,"(59.67, 63.33)",1.0,20,18.0,"['1002_2-(35, 3)-6.0', '1019_2-(35, 20)-8.0', '1021_2-(35, 22)-4.0']"
325.0,20003-20,Drone,En Route,3.0,"(49.0, 8.0)",0.9436505740934301,20,18.0,"['1002_2-(35, 3)-6.0', '1019_2-(35, 20)-8.0', '1021_2-(35, 22)-4.0']"
325.0,20003-20,Drone,En Route,3.0,"(49.0, 8.0)",0.9436505740934301,20,18.0,"['1002_2-(35, 3)-6.0', '1019_2-(35, 20)-8.0', '1021_2-(35, 22)-4.0']"
325.0,20003-20,Drone,Halted,3.0,"(49.0, 8.0)",0.9436505740934301,20,18.0,"['1002_2-(35, 3)-6.0', '1019_2-(35, 20)-8.0', '1021_2-(35, 22)-4.0']"
325.0,20003-20,Drone,Halted,3.0,"(49.0, 8.0)",0.9436505740934301,20,12.0,"['1019_2-(35, 20)-8.0', '1021_2-(35, 22)-4.0']"
325.0,20003-20,Drone,En Route,,"(49.0, 8.0)",0.9436505740934301,20,12.0,"['1019_2-(35, 20)-8.0', '1021_2-(35, 22)-4.0']"
381.0,20003-20,Drone,En Route,22.0,"(5.0, 42.0)",0.8880448189955987,20,12.0,"['1019_2-(35, 20)-8.0', '1021_2-(35, 22)-4.0']"
381.0,20003-20,Drone,En Route,22.0,"(5.0, 42.0)",0.8880448189955987,20,12.0,"['1019_2-(35, 20)-8.0', '1021_2-(35, 22)-4.0']"
381.0,20003-20,Drone,Halted,22.0,"(5.0, 42.0)",0.8880448189955987,20,12.0,"['1019_2-(35, 20)-8.0', '1021_2-(35, 22)-4.0']"
381.0,20003-20,Drone,Halted,22.0,"(5.0, 42.0)",0.8880448189955987,20,8.0,"['1019_2-(35, 20)-8.0']"
381.0,20003-20,Drone,En Route,,"(5.0, 42.0)",0.8880448189955987,20,8.0,"['1019_2-(35, 20)-8.0']"
450.0,20003-20,Drone,En Route,20.0,"(50.0, 93.0)",0.8200301147030709,20,8.0,"['1019_2-(35, 20)-8.0']"
450.0,20003-20,Drone,En Route,20.0,"(50.0, 93.0)",0.8200301147030709,20,8.0,"['1019_2-(35, 20)-8.0']"
450.0,20003-20,Drone,Halted,20.0,"(50.0, 93.0)",0.8200301147030709,20,8.0,"['1019_2-(35, 20)-8.0']"
450.0,20003-20,Drone,Halted,20.0,"(50.0, 93.0)",0.8200301147030709,20,0.0,[]
450.0,20003-20,Drone,Idle,20.0,"(50.0, 93.0)",0.8200301147030709,20,0.0,[]
482.0,20003-20,Drone,Returned,35.0,"(59.67, 63.33)",0.8200301147030709,20,0.0,[]
0.0,20004-20,Drone,Idle,36.0,"(95.0, 6.0)",1.0,20,0.0,[]
0.0,20004-20,Drone,Halted,36.0,"(95.0, 6.0)",1.0,20,0.0,[]
274.0,20004-20,Drone,Halted,36.0,"(95.0, 6.0)",1.0,20,19.0,"['1003_2-(36, 4)-19.0']"
274.0,20004-20,Drone,En Route,,"(95.0, 6.0)",1.0,20,19.0,"['1003_2-(36, 4)-19.0']"
357.0,20004-20,Drone,En Route,4.0,"(13.0, 7.0)",0.9179939026657163,20,19.0,"['1003_2-(36, 4)-19.0']"
357.0,20004-20,Drone,En Route,4.0,"(13.0, 7.0)",0.9179939026657163,20,19.0,"['1003_2-(36, 4)-19.0']"
357.0,20004-20,Drone,Halted,4.0,"(13.0, 7.0)",0.9179939026657163,20,19.0,"['1003_2-(36, 4)-19.0']"
357.0,20004-20,Drone,Halted,4.0,"(13.0, 7.0)",0.9179939026657163,20,0.0,[]
357.0,20004-20,Drone,Idle,4.0,"(13.0, 7.0)",0.9179939026657163,20,0.0,[]
440.0,20004-20,Drone,Returned,36.0,"(95.0, 6.0)",0.9179939026657163,20,0.0,[]
